{"cameraMode":{"drawMode":0,"name":"Shaded","section":"Shading Mode"},"sceneLighting":false,"audioPlay":false,"sceneViewState":{"showFog":true,"showMaterialUpdate":false,"showSkybox":true,"showFlares":true,"showImageEffects":true,"showParticleSystems":true},"in2DMode":false,"pivot":{"x":-0.659260094165802,"y":0.28872835636138918,"z":-2.0773653984069826},"rotation":{"x":0.23997214436531068,"y":0.021840816363692285,"z":-0.0054002623073756699,"w":0.9705190658569336},"size":36.975040435791019,"orthographic":false}