{"cameraMode":{"drawMode":0,"name":"Shaded","section":"Shading Mode"},"sceneLighting":false,"audioPlay":false,"sceneViewState":{"showFog":true,"showMaterialUpdate":false,"showSkybox":true,"showFlares":true,"showImageEffects":true,"showParticleSystems":true},"in2DMode":false,"pivot":{"x":1.9984643459320069,"y":0.011005081236362458,"z":0.2358696013689041},"rotation":{"x":-0.8920163512229919,"y":-0.0047449273988604549,"z":0.00936643872410059,"w":-0.4518813192844391},"size":1.888972282409668,"orthographic":false}