{"cameraMode":{"drawMode":0,"name":"Shaded","section":"Shading Mode"},"sceneLighting":false,"audioPlay":false,"sceneViewState":{"showFog":true,"showMaterialUpdate":false,"showSkybox":true,"showFlares":true,"showImageEffects":true,"showParticleSystems":true},"in2DMode":false,"pivot":{"x":2.08634352684021,"y":-0.3172639012336731,"z":-0.06405827403068543},"rotation":{"x":-0.8281452655792236,"y":0.0067249382846057419,"z":-0.00993824191391468,"w":-0.5603850483894348},"size":1.3348326683044434,"orthographic":false}