{"cameraMode":{"drawMode":0,"name":"Shaded","section":"Shading Mode"},"sceneLighting":false,"audioPlay":false,"sceneViewState":{"showFog":true,"showMaterialUpdate":false,"showSkybox":true,"showFlares":true,"showImageEffects":true,"showParticleSystems":true},"in2DMode":false,"pivot":{"x":-3.607900619506836,"y":3.7700767517089845,"z":-69.1797866821289},"rotation":{"x":-0.1585235446691513,"y":-0.03790787607431412,"z":0.006090729031711817,"w":-0.9866084456443787},"size":1.7621774673461915,"orthographic":false}